{"cameraMode":{"drawMode":0,"name":"Shaded","section":"Shading Mode"},"sceneLighting":false,"audioPlay":false,"sceneViewState":{"showFog":false,"showMaterialUpdate":false,"showSkybox":false,"showFlares":false,"showImageEffects":false,"showParticleSystems":false},"in2DMode":false,"pivot":{"x":653.5847778320313,"y":985.3038940429688,"z":-137.57244873046876},"rotation":{"x":-0.008969173766672612,"y":0.9903045892715454,"z":-0.11520236730575562,"w":-0.07710099220275879},"size":556.0057373046875,"orthographic":false}